{"A": 0.01363, "B": 0.00078, "C": 0.02298, "D": 0.02182, "E": 0.00039, "F": 0.02376, "G": 0.07635, "H": 0.03233, "I": 0.06856, "J": 0.01753, "K": 0.00662, "L": 0.00506, "M": 0.0, "N": 0.07986, "O": 0.03623, "P": 0.06428, "Q": 0.05649, "R": 0.01052, "S": 0.03116, "T": 0.06934, "U": 0.02259, "V": 0.12739, "W": 0.10752, "X": 0.07713, "Y": 0.00312, "Z": 0.02454}